{
    "category": "Metadata",
    "changelog": "Fix some arcs getting incorrectly matched when the title is part of another arc title",
    "description": "Please report bugs at https://github.com/jwueller/jellyfin-plugin-onepace",
    "guid": "1c0bf35e-3df4-47cc-8a4e-e3865de60d2f",
    "name": "One Pace",
    "overview": "Metadata and cover art integration for the One Pace project",
    "owner": "jwueller",
    "targetAbi": "10.8.0.0",
    "timestamp": "2024-01-04T19:58:51Z",
    "version": "1.4.0.0"
}