{
    "category": "Metadata",
    "changelog": "1.0.1.0 - more sophisticated URL detection\n1.0.0.0 - initial release",
    "description": "This integration is experimental because the One Pace project currently does not expose metadata in a stable manner, so we have to rely on scraping data from the project website instead. Therefore, medatata retrieval might break spontaneously if the website changes.",
    "guid": "1c0bf35e-3df4-47cc-8a4e-e3865de60d2f",
    "name": "One Pace",
    "overview": "Metadata and cover art integration for the One Pace project",
    "owner": "jwueller",
    "targetAbi": "10.8.0.0",
    "timestamp": "2023-02-21T22:54:24Z",
    "version": "1.0.1.0"
}