{
    "category": "Metadata",
    "changelog": "1.2.1.0 - fix arc identification\n1.2.0.0 - incorporate API changes\n1.1.1.0 - fix matching inefficiencies\n1.1.0.0 - migrate to GraphQL data source\n1.0.2.0 - refine arc matching to include chapter ranges\n1.0.1.0 - more sophisticated URL detection\n1.0.0.0 - initial release",
    "description": "Please report bugs at https://github.com/jwueller/jellyfin-plugin-onepace",
    "guid": "1c0bf35e-3df4-47cc-8a4e-e3865de60d2f",
    "name": "One Pace",
    "overview": "Metadata and cover art integration for the One Pace project",
    "owner": "jwueller",
    "targetAbi": "10.8.0.0",
    "timestamp": "2023-07-01T14:25:42Z",
    "version": "1.2.1.0"
}